"","Year","Industry","Occupation","Female","Male","Black","White","Asian","Other","Total"
"1","2015","Agriculture and related","Construction and extraction",0,14,0,13,1,0,14
"2","2015","Agriculture and related","Farming, fishing, and forestry",184,719,34,820,9,40,903
"3","2015","Agriculture and related","Installation, maintenance, and repair",0,31,0,30,0,1,31
"4","2015","Agriculture and related","Management, business, and financial operations",261,824,9,1052,6,18,1085
"5","2015","Agriculture and related","Office and administrative support",76,11,2,83,0,2,87
"6","2015","Agriculture and related","Production",6,24,3,25,0,2,30
"7","2015","Agriculture and related","Professional and related",16,34,1,47,1,0,49
"8","2015","Agriculture and related","Protective service",2,16,4,13,0,1,18
"9","2015","Agriculture and related","Sales and related",9,8,0,17,0,0,17
"10","2015","Agriculture and related","Service, except protective",33,58,1,87,0,3,91
"11","2015","Agriculture and related","Transportation and material moving",9,86,11,77,1,6,95
"12","2015","Construction","Construction and extraction",155,6191,420,5611,85,231,6347
"13","2015","Construction","Farming, fishing, and forestry",0,4,0,3,0,1,4
"14","2015","Construction","Installation, maintenance, and repair",10,524,32,475,13,14,534
"15","2015","Construction","Management, business, and financial operations",244,1517,63,1614,43,42,1762
"16","2015","Construction","Office and administrative support",433,76,26,454,10,19,509
"17","2015","Construction","Production",4,149,11,127,6,9,153
"18","2015","Construction","Professional and related",38,199,14,202,16,5,237
"19","2015","Construction","Protective service",3,7,3,7,0,0,10
"20","2015","Construction","Sales and related",27,71,2,94,2,0,98
"21","2015","Construction","Service, except protective",6,33,4,33,0,2,39
"22","2015","Construction","Transportation and material moving",9,235,18,214,3,9,244
"23","2015","Education and health services","Construction and extraction",7,82,10,72,2,6,90
"24","2015","Education and health services","Farming, fishing, and forestry",1,0,0,1,0,0,1
"25","2015","Education and health services","Installation, maintenance, and repair",16,216,31,193,5,3,232
"26","2015","Education and health services","Management, business, and financial operations",2188,1071,405,2620,156,79,3260
"27","2015","Education and health services","Office and administrative support",3164,397,501,2790,158,112,3561
"28","2015","Education and health services","Production",100,72,30,125,13,4,172
"29","2015","Education and health services","Professional and related",13682,4972,2086,14842,1276,450,18654
"30","2015","Education and health services","Protective service",64,128,56,124,6,6,192
"31","2015","Education and health services","Sales and related",88,29,19,91,7,0,117
"32","2015","Education and health services","Service, except protective",5646,1371,1755,4615,356,292,7018
"33","2015","Education and health services","Transportation and material moving",168,214,75,288,7,13,383
"34","2015","Financial activities","Construction and extraction",3,31,2,29,1,2,34
"35","2015","Financial activities","Farming, fishing, and forestry",0,1,0,1,0,0,1
"36","2015","Financial activities","Installation, maintenance, and repair",10,209,28,177,5,10,220
"37","2015","Financial activities","Management, business, and financial operations",1996,2157,383,3397,281,92,4153
"38","2015","Financial activities","Office and administrative support",1750,422,275,1720,107,69,2171
"39","2015","Financial activities","Production",11,24,7,23,3,2,35
"40","2015","Financial activities","Professional and related",356,469,68,605,137,15,825
"41","2015","Financial activities","Protective service",26,26,7,42,2,1,52
"42","2015","Financial activities","Sales and related",1088,1084,144,1885,95,48,2172
"43","2015","Financial activities","Service, except protective",96,219,51,239,12,13,315
"44","2015","Financial activities","Transportation and material moving",9,99,22,78,5,3,108
"45","2015","Information","Construction and extraction",0,5,0,5,0,0,5
"46","2015","Information","Farming, fishing, and forestry",0,0,0,0,0,0,0
"47","2015","Information","Installation, maintenance, and repair",16,280,41,231,13,11,296
"48","2015","Information","Management, business, and financial operations",259,360,53,492,53,21,619
"49","2015","Information","Office and administrative support",301,141,78,330,21,13,442
"50","2015","Information","Production",14,31,4,37,3,2,46
"51","2015","Information","Professional and related",385,739,101,868,117,38,1124
"52","2015","Information","Protective service",2,11,3,11,0,-1,13
"53","2015","Information","Sales and related",143,186,38,262,21,8,329
"54","2015","Information","Service, except protective",37,38,13,56,5,1,75
"55","2015","Information","Transportation and material moving",14,25,7,31,0,1,39
"56","2015","Leisure and hospitality","Construction and extraction",1,37,4,27,4,3,38
"57","2015","Leisure and hospitality","Farming, fishing, and forestry",1,3,0,3,0,0,3
"58","2015","Leisure and hospitality","Installation, maintenance, and repair",5,107,12,91,4,5,112
"59","2015","Leisure and hospitality","Management, business, and financial operations",901,1030,178,1512,182,59,1931
"60","2015","Leisure and hospitality","Office and administrative support",501,201,91,513,59,39,702
"61","2015","Leisure and hospitality","Production",73,73,17,105,18,6,146
"62","2015","Leisure and hospitality","Professional and related",402,505,85,759,30,33,907
"63","2015","Leisure and hospitality","Protective service",56,125,19,142,8,13,182
"64","2015","Leisure and hospitality","Sales and related",724,291,211,681,66,57,1015
"65","2015","Leisure and hospitality","Service, except protective",4359,4127,1089,6470,527,400,8486
"66","2015","Leisure and hospitality","Transportation and material moving",43,256,34,236,13,16,299
"67","2015","Manufacturing, durable goods","Construction and extraction",8,231,11,223,3,2,239
"68","2015","Manufacturing, durable goods","Farming, fishing, and forestry",0,4,0,4,0,0,4
"69","2015","Manufacturing, durable goods","Installation, maintenance, and repair",17,419,22,385,17,12,436
"70","2015","Manufacturing, durable goods","Management, business, and financial operations",494,1180,65,1474,106,28,1673
"71","2015","Manufacturing, durable goods","Office and administrative support",479,298,69,640,46,22,777
"72","2015","Manufacturing, durable goods","Production",893,2961,436,3042,240,136,3854
"73","2015","Manufacturing, durable goods","Professional and related",271,1294,83,1213,231,39,1566
"74","2015","Manufacturing, durable goods","Protective service",4,12,3,13,0,0,16
"75","2015","Manufacturing, durable goods","Sales and related",87,270,12,332,9,4,357
"76","2015","Manufacturing, durable goods","Service, except protective",25,63,15,68,3,2,88
"77","2015","Manufacturing, durable goods","Transportation and material moving",105,593,122,538,17,21,698
"78","2015","Manufacturing, nondurable goods","Construction and extraction",4,51,3,52,0,0,55
"79","2015","Manufacturing, nondurable goods","Farming, fishing, and forestry",28,22,10,37,3,1,51
"80","2015","Manufacturing, nondurable goods","Installation, maintenance, and repair",12,231,19,221,1,3,244
"81","2015","Manufacturing, nondurable goods","Management, business, and financial operations",349,597,57,819,54,16,946
"82","2015","Manufacturing, nondurable goods","Office and administrative support",319,185,48,423,25,8,504
"83","2015","Manufacturing, nondurable goods","Production",826,1392,341,1668,142,67,2218
"84","2015","Manufacturing, nondurable goods","Professional and related",235,379,50,474,71,19,614
"85","2015","Manufacturing, nondurable goods","Protective service",3,10,2,12,0,0,14
"86","2015","Manufacturing, nondurable goods","Sales and related",138,167,20,261,20,5,306
"87","2015","Manufacturing, nondurable goods","Service, except protective",47,58,12,83,3,7,105
"88","2015","Manufacturing, nondurable goods","Transportation and material moving",110,462,95,433,21,24,573
"89","2015","Mining, quarrying, and oil and gas extraction","Construction and extraction",8,284,12,268,0,12,292
"90","2015","Mining, quarrying, and oil and gas extraction","Farming, fishing, and forestry",0,1,0,1,0,0,1
"91","2015","Mining, quarrying, and oil and gas extraction","Installation, maintenance, and repair",1,72,2,65,0,6,73
"92","2015","Mining, quarrying, and oil and gas extraction","Management, business, and financial operations",42,108,8,130,8,4,150
"93","2015","Mining, quarrying, and oil and gas extraction","Office and administrative support",45,27,5,64,3,1,73
"94","2015","Mining, quarrying, and oil and gas extraction","Production",1,60,5,53,0,4,62
"95","2015","Mining, quarrying, and oil and gas extraction","Professional and related",18,130,4,130,11,3,148
"96","2015","Mining, quarrying, and oil and gas extraction","Protective service",0,2,0,1,0,1,2
"97","2015","Mining, quarrying, and oil and gas extraction","Sales and related",1,12,0,12,0,0,12
"98","2015","Mining, quarrying, and oil and gas extraction","Service, except protective",1,4,1,3,0,1,5
"99","2015","Mining, quarrying, and oil and gas extraction","Transportation and material moving",2,98,7,90,0,3,100
"100","2015","Other services, except private households","Construction and extraction",0,24,5,18,0,1,24
"101","2015","Other services, except private households","Farming, fishing, and forestry",1,2,0,3,0,1,4
"102","2015","Other services, except private households","Installation, maintenance, and repair",28,1119,77,990,45,35,1147
"103","2015","Other services, except private households","Management, business, and financial operations",362,282,53,534,34,23,644
"104","2015","Other services, except private households","Office and administrative support",532,96,68,526,18,16,628
"105","2015","Other services, except private households","Production",138,286,39,333,41,10,423
"106","2015","Other services, except private households","Professional and related",405,589,94,824,52,24,994
"107","2015","Other services, except private households","Protective service",4,11,3,11,0,1,15
"108","2015","Other services, except private households","Sales and related",97,268,29,314,17,6,366
"109","2015","Other services, except private households","Service, except protective",1431,494,237,1363,267,58,1925
"110","2015","Other services, except private households","Transportation and material moving",25,271,52,221,6,17,296
"111","2015","Other services, private households only","Construction and extraction",0,1,0,1,0,0,1
"112","2015","Other services, private households only","Farming, fishing, and forestry",0,0,0,0,0,0,0
"113","2015","Other services, private households only","Installation, maintenance, and repair",0,1,0,1,0,0,1
"114","2015","Other services, private households only","Management, business, and financial operations",4,3,0,6,0,1,7
"115","2015","Other services, private households only","Office and administrative support",4,0,0,3,1,0,4
"116","2015","Other services, private households only","Production",1,0,1,1,0,-1,1
"117","2015","Other services, private households only","Professional and related",4,0,1,3,0,0,4
"118","2015","Other services, private households only","Protective service",0,0,0,0,0,0,0
"119","2015","Other services, private households only","Sales and related",0,0,0,0,0,0,0
"120","2015","Other services, private households only","Service, except protective",726,44,72,633,34,31,770
"121","2015","Other services, private households only","Transportation and material moving",0,9,0,9,0,1,10
"122","2015","Professional and business services","Construction and extraction",9,153,13,140,1,7,161
"123","2015","Professional and business services","Farming, fishing, and forestry",5,7,1,11,0,0,12
"124","2015","Professional and business services","Installation, maintenance, and repair",15,277,31,236,11,14,292
"125","2015","Professional and business services","Management, business, and financial operations",1880,2464,298,3564,391,91,4344
"126","2015","Professional and business services","Office and administrative support",1717,537,289,1770,114,82,2255
"127","2015","Professional and business services","Production",101,277,54,286,21,16,377
"128","2015","Professional and business services","Professional and related",1966,3587,342,4361,731,118,5552
"129","2015","Professional and business services","Protective service",110,423,159,330,22,22,533
"130","2015","Professional and business services","Sales and related",283,320,40,526,28,9,603
"131","2015","Professional and business services","Service, except protective",972,1723,303,2229,53,109,2694
"132","2015","Professional and business services","Transportation and material moving",93,492,122,427,11,25,585
"133","2015","Public administration","Construction and extraction",6,77,22,59,1,0,82
"134","2015","Public administration","Farming, fishing, and forestry",7,14,2,17,1,1,21
"135","2015","Public administration","Installation, maintenance, and repair",8,116,18,92,4,9,123
"136","2015","Public administration","Management, business, and financial operations",689,612,235,950,64,51,1300
"137","2015","Public administration","Office and administrative support",957,259,229,892,42,53,1216
"138","2015","Public administration","Production",6,51,7,45,3,2,57
"139","2015","Public administration","Professional and related",886,821,259,1253,122,74,1708
"140","2015","Public administration","Protective service",349,1600,313,1535,36,65,1949
"141","2015","Public administration","Sales and related",13,14,5,22,0,0,27
"142","2015","Public administration","Service, except protective",200,156,66,241,21,28,356
"143","2015","Public administration","Transportation and material moving",15,72,14,67,4,2,87
"144","2015","Retail trade","Construction and extraction",2,74,6,66,1,4,77
"145","2015","Retail trade","Farming, fishing, and forestry",5,6,1,10,0,0,11
"146","2015","Retail trade","Installation, maintenance, and repair",25,616,41,565,16,19,641
"147","2015","Retail trade","Management, business, and financial operations",411,502,65,771,48,29,913
"148","2015","Retail trade","Office and administrative support",1503,1225,390,2100,129,110,2729
"149","2015","Retail trade","Production",207,309,64,402,24,26,516
"150","2015","Retail trade","Professional and related",554,385,97,715,108,19,939
"151","2015","Retail trade","Protective service",25,47,14,54,1,3,72
"152","2015","Retail trade","Sales and related",4673,4200,1070,6953,552,297,8872
"153","2015","Retail trade","Service, except protective",383,267,92,494,41,24,651
"154","2015","Retail trade","Transportation and material moving",238,1027,173,1004,38,49,1264
"155","2015","Transportation and utilities","Construction and extraction",3,160,15,142,2,4,163
"156","2015","Transportation and utilities","Farming, fishing, and forestry",1,4,1,4,0,0,5
"157","2015","Transportation and utilities","Installation, maintenance, and repair",10,488,52,410,17,19,498
"158","2015","Transportation and utilities","Management, business, and financial operations",243,546,80,651,41,18,790
"159","2015","Transportation and utilities","Office and administrative support",795,853,342,1165,84,57,1648
"160","2015","Transportation and utilities","Production",33,290,36,272,5,9,322
"161","2015","Transportation and utilities","Professional and related",87,277,32,293,31,7,363
"162","2015","Transportation and utilities","Protective service",13,22,11,22,0,2,35
"163","2015","Transportation and utilities","Sales and related",37,68,11,86,4,4,105
"164","2015","Transportation and utilities","Service, except protective",47,77,24,94,5,1,124
"165","2015","Transportation and utilities","Transportation and material moving",481,3193,773,2619,166,115,3673
"166","2015","Wholesale trade","Construction and extraction",1,28,3,26,0,1,30
"167","2015","Wholesale trade","Farming, fishing, and forestry",26,26,6,42,1,3,52
"168","2015","Wholesale trade","Installation, maintenance, and repair",2,128,7,118,3,1,129
"169","2015","Wholesale trade","Management, business, and financial operations",196,335,25,454,43,9,531
"170","2015","Wholesale trade","Office and administrative support",340,251,68,480,27,16,591
"171","2015","Wholesale trade","Production",38,71,13,86,7,2,108
"172","2015","Wholesale trade","Professional and related",48,120,15,130,22,1,168
"173","2015","Wholesale trade","Protective service",1,5,0,3,0,3,6
"174","2015","Wholesale trade","Sales and related",332,972,57,1158,69,20,1304
"175","2015","Wholesale trade","Service, except protective",14,30,7,33,1,3,44
"176","2015","Wholesale trade","Transportation and material moving",73,599,99,532,18,23,672
"177","2016","Agriculture and related","Construction and extraction",1,10,0,10,0,1,11
"178","2016","Agriculture and related","Farming, fishing, and forestry",183,761,31,872,12,30,945
"179","2016","Agriculture and related","Installation, maintenance, and repair",0,37,0,37,0,1,38
"180","2016","Agriculture and related","Management, business, and financial operations",281,803,11,1045,11,16,1083
"181","2016","Agriculture and related","Office and administrative support",74,14,1,82,1,4,88
"182","2016","Agriculture and related","Production",8,27,5,30,1,0,36
"183","2016","Agriculture and related","Professional and related",16,37,1,48,1,3,53
"184","2016","Agriculture and related","Protective service",1,13,2,12,0,0,14
"185","2016","Agriculture and related","Sales and related",8,8,1,15,0,-1,15
"186","2016","Agriculture and related","Service, except protective",37,58,2,90,1,2,95
"187","2016","Agriculture and related","Transportation and material moving",13,71,12,68,2,2,84
"188","2016","Construction","Construction and extraction",188,6469,416,5897,111,233,6657
"189","2016","Construction","Farming, fishing, and forestry",0,3,0,3,0,0,3
"190","2016","Construction","Installation, maintenance, and repair",8,551,34,500,10,15,559
"191","2016","Construction","Management, business, and financial operations",245,1539,71,1642,37,34,1784
"192","2016","Construction","Office and administrative support",403,80,20,438,10,15,483
"193","2016","Construction","Production",5,147,8,137,2,4,151
"194","2016","Construction","Professional and related",48,218,15,222,20,9,266
"195","2016","Construction","Protective service",4,9,3,8,1,1,13
"196","2016","Construction","Sales and related",20,83,2,95,4,2,103
"197","2016","Construction","Service, except protective",10,48,9,46,1,2,58
"198","2016","Construction","Transportation and material moving",8,244,20,221,2,9,252
"199","2016","Education and health services","Construction and extraction",4,80,8,72,2,3,85
"200","2016","Education and health services","Farming, fishing, and forestry",1,0,0,1,0,0,1
"201","2016","Education and health services","Installation, maintenance, and repair",20,191,23,174,9,5,211
"202","2016","Education and health services","Management, business, and financial operations",2180,1135,439,2636,148,92,3315
"203","2016","Education and health services","Office and administrative support",3164,383,453,2828,156,110,3547
"204","2016","Education and health services","Production",99,72,28,127,12,4,171
"205","2016","Education and health services","Professional and related",13789,5066,2148,14917,1329,460,18854
"206","2016","Education and health services","Protective service",73,132,62,133,4,6,205
"207","2016","Education and health services","Sales and related",81,40,17,97,6,1,121
"208","2016","Education and health services","Service, except protective",5977,1388,1837,4858,383,287,7365
"209","2016","Education and health services","Transportation and material moving",185,204,88,280,9,12,389
"210","2016","Financial activities","Construction and extraction",1,50,5,41,1,5,52
"211","2016","Financial activities","Farming, fishing, and forestry",1,0,0,1,0,0,1
"212","2016","Financial activities","Installation, maintenance, and repair",8,197,39,157,5,4,205
"213","2016","Financial activities","Management, business, and financial operations",2066,2248,372,3536,305,101,4314
"214","2016","Financial activities","Office and administrative support",1750,429,302,1694,119,64,2179
"215","2016","Financial activities","Production",16,26,8,31,2,1,42
"216","2016","Financial activities","Professional and related",376,480,68,604,166,18,856
"217","2016","Financial activities","Protective service",31,37,14,46,4,4,68
"218","2016","Financial activities","Sales and related",1077,1161,191,1874,112,61,2238
"219","2016","Financial activities","Service, except protective",98,235,55,252,14,11,332
"220","2016","Financial activities","Transportation and material moving",13,105,24,80,2,11,117
"221","2016","Information","Construction and extraction",2,7,0,8,0,0,8
"222","2016","Information","Farming, fishing, and forestry",0,0,0,0,0,0,0
"223","2016","Information","Installation, maintenance, and repair",23,243,44,206,10,6,266
"224","2016","Information","Management, business, and financial operations",264,344,53,499,46,10,608
"225","2016","Information","Office and administrative support",279,121,74,296,15,16,401
"226","2016","Information","Production",6,27,3,24,5,1,33
"227","2016","Information","Professional and related",390,687,78,844,120,35,1077
"228","2016","Information","Protective service",3,2,1,4,0,1,6
"229","2016","Information","Sales and related",139,199,48,265,14,10,337
"230","2016","Information","Service, except protective",40,37,14,56,4,2,76
"231","2016","Information","Transportation and material moving",14,28,3,38,0,1,42
"232","2016","Leisure and hospitality","Construction and extraction",3,35,5,28,2,2,37
"233","2016","Leisure and hospitality","Farming, fishing, and forestry",1,4,1,3,0,1,5
"234","2016","Leisure and hospitality","Installation, maintenance, and repair",6,108,9,93,6,6,114
"235","2016","Leisure and hospitality","Management, business, and financial operations",898,992,164,1463,193,70,1890
"236","2016","Leisure and hospitality","Office and administrative support",477,207,83,508,47,46,684
"237","2016","Leisure and hospitality","Production",69,65,16,108,6,4,134
"238","2016","Leisure and hospitality","Professional and related",414,540,85,787,44,37,953
"239","2016","Leisure and hospitality","Protective service",64,142,29,148,7,22,206
"240","2016","Leisure and hospitality","Sales and related",781,298,234,701,75,69,1079
"241","2016","Leisure and hospitality","Service, except protective",4418,4332,1131,6659,519,441,8750
"242","2016","Leisure and hospitality","Transportation and material moving",58,282,32,277,19,12,340
"243","2016","Manufacturing, durable goods","Construction and extraction",5,235,18,210,4,8,240
"244","2016","Manufacturing, durable goods","Farming, fishing, and forestry",0,6,0,6,0,0,6
"245","2016","Manufacturing, durable goods","Installation, maintenance, and repair",22,389,26,351,18,16,411
"246","2016","Manufacturing, durable goods","Management, business, and financial operations",511,1219,56,1515,130,30,1731
"247","2016","Manufacturing, durable goods","Office and administrative support",497,292,79,661,26,23,789
"248","2016","Manufacturing, durable goods","Production",872,2956,471,2999,238,120,3828
"249","2016","Manufacturing, durable goods","Professional and related",281,1313,75,1247,238,34,1594
"250","2016","Manufacturing, durable goods","Protective service",2,14,2,13,0,1,16
"251","2016","Manufacturing, durable goods","Sales and related",87,238,10,290,19,5,324
"252","2016","Manufacturing, durable goods","Service, except protective",28,63,17,68,4,3,92
"253","2016","Manufacturing, durable goods","Transportation and material moving",112,562,110,529,14,21,674
"254","2016","Manufacturing, nondurable goods","Construction and extraction",4,59,5,57,0,1,63
"255","2016","Manufacturing, nondurable goods","Farming, fishing, and forestry",31,22,13,36,3,1,53
"256","2016","Manufacturing, nondurable goods","Installation, maintenance, and repair",7,216,15,200,3,5,223
"257","2016","Manufacturing, nondurable goods","Management, business, and financial operations",341,602,51,806,71,14,942
"258","2016","Manufacturing, nondurable goods","Office and administrative support",303,203,49,429,18,11,507
"259","2016","Manufacturing, nondurable goods","Production",836,1434,323,1732,139,76,2270
"260","2016","Manufacturing, nondurable goods","Professional and related",202,391,52,456,73,12,593
"261","2016","Manufacturing, nondurable goods","Protective service",2,11,3,10,0,1,14
"262","2016","Manufacturing, nondurable goods","Sales and related",136,179,18,269,17,11,315
"263","2016","Manufacturing, nondurable goods","Service, except protective",54,88,23,107,6,6,142
"264","2016","Manufacturing, nondurable goods","Transportation and material moving",126,458,118,417,22,27,584
"265","2016","Mining, quarrying, and oil and gas extraction","Construction and extraction",3,228,15,209,0,7,231
"266","2016","Mining, quarrying, and oil and gas extraction","Farming, fishing, and forestry",0,0,0,0,0,0,0
"267","2016","Mining, quarrying, and oil and gas extraction","Installation, maintenance, and repair",0,52,3,47,0,2,52
"268","2016","Mining, quarrying, and oil and gas extraction","Management, business, and financial operations",33,124,8,136,8,5,157
"269","2016","Mining, quarrying, and oil and gas extraction","Office and administrative support",37,12,6,41,2,0,49
"270","2016","Mining, quarrying, and oil and gas extraction","Production",3,59,5,49,0,8,62
"271","2016","Mining, quarrying, and oil and gas extraction","Professional and related",25,109,7,119,7,1,134
"272","2016","Mining, quarrying, and oil and gas extraction","Protective service",0,2,0,2,0,0,2
"273","2016","Mining, quarrying, and oil and gas extraction","Sales and related",1,12,0,13,0,0,13
"274","2016","Mining, quarrying, and oil and gas extraction","Service, except protective",2,5,1,7,0,0,8
"275","2016","Mining, quarrying, and oil and gas extraction","Transportation and material moving",2,82,6,73,1,4,84
"276","2016","Other services, except private households","Construction and extraction",2,12,1,13,0,0,14
"277","2016","Other services, except private households","Farming, fishing, and forestry",0,2,0,2,0,0,2
"278","2016","Other services, except private households","Installation, maintenance, and repair",26,1077,92,919,41,51,1103
"279","2016","Other services, except private households","Management, business, and financial operations",422,318,74,610,36,20,740
"280","2016","Other services, except private households","Office and administrative support",522,65,50,495,26,16,587
"281","2016","Other services, except private households","Production",136,304,51,340,31,18,440
"282","2016","Other services, except private households","Professional and related",397,557,110,760,60,24,954
"283","2016","Other services, except private households","Protective service",7,12,2,17,0,1,20
"284","2016","Other services, except private households","Sales and related",98,260,29,298,22,8,357
"285","2016","Other services, except private households","Service, except protective",1518,549,262,1429,304,72,2067
"286","2016","Other services, except private households","Transportation and material moving",29,282,52,233,11,16,312
"287","2016","Other services, private households only","Construction and extraction",0,1,0,1,0,0,1
"288","2016","Other services, private households only","Farming, fishing, and forestry",0,0,0,0,0,0,0
"289","2016","Other services, private households only","Installation, maintenance, and repair",0,0,0,0,0,0,0
"290","2016","Other services, private households only","Management, business, and financial operations",4,0,0,4,0,1,5
"291","2016","Other services, private households only","Office and administrative support",2,1,0,2,0,1,3
"292","2016","Other services, private households only","Production",1,0,0,0,0,1,1
"293","2016","Other services, private households only","Professional and related",4,2,1,5,0,0,6
"294","2016","Other services, private households only","Protective service",0,0,0,0,0,0,0
"295","2016","Other services, private households only","Sales and related",0,0,0,0,0,0,0
"296","2016","Other services, private households only","Service, except protective",652,45,51,588,29,29,697
"297","2016","Other services, private households only","Transportation and material moving",1,11,2,9,1,0,12
"298","2016","Professional and business services","Construction and extraction",7,160,21,134,6,6,167
"299","2016","Professional and business services","Farming, fishing, and forestry",2,16,0,16,0,2,18
"300","2016","Professional and business services","Installation, maintenance, and repair",14,285,27,249,10,12,298
"301","2016","Professional and business services","Management, business, and financial operations",2049,2596,319,3789,430,107,4645
"302","2016","Professional and business services","Office and administrative support",1751,557,318,1805,108,77,2308
"303","2016","Professional and business services","Production",87,262,56,257,18,18,349
"304","2016","Professional and business services","Professional and related",2113,3826,346,4627,816,150,5939
"305","2016","Professional and business services","Protective service",127,452,180,337,27,35,579
"306","2016","Professional and business services","Sales and related",292,312,64,495,30,14,603
"307","2016","Professional and business services","Service, except protective",1042,1783,329,2317,60,119,2825
"308","2016","Professional and business services","Transportation and material moving",97,494,125,418,11,37,591
"309","2016","Public administration","Construction and extraction",3,85,10,73,2,3,88
"310","2016","Public administration","Farming, fishing, and forestry",6,12,2,14,2,0,18
"311","2016","Public administration","Installation, maintenance, and repair",3,127,15,104,4,8,131
"312","2016","Public administration","Management, business, and financial operations",689,616,228,956,69,52,1305
"313","2016","Public administration","Office and administrative support",898,266,237,827,44,56,1164
"314","2016","Public administration","Production",13,56,9,56,1,3,69
"315","2016","Public administration","Professional and related",905,810,260,1275,113,67,1715
"316","2016","Public administration","Protective service",355,1524,283,1492,41,63,1879
"317","2016","Public administration","Sales and related",19,19,11,24,2,1,38
"318","2016","Public administration","Service, except protective",195,167,69,235,29,28,361
"319","2016","Public administration","Transportation and material moving",10,78,22,59,3,5,89
"320","2016","Retail trade","Construction and extraction",5,63,7,58,1,2,68
"321","2016","Retail trade","Farming, fishing, and forestry",3,7,0,9,0,1,10
"322","2016","Retail trade","Installation, maintenance, and repair",22,598,49,526,21,25,621
"323","2016","Retail trade","Management, business, and financial operations",475,515,71,842,53,24,990
"324","2016","Retail trade","Office and administrative support",1450,1209,419,1997,128,116,2660
"325","2016","Retail trade","Production",149,292,47,341,35,18,441
"326","2016","Retail trade","Professional and related",581,397,91,738,131,19,979
"327","2016","Retail trade","Protective service",16,48,9,49,2,5,65
"328","2016","Retail trade","Sales and related",4643,4229,1037,6999,524,311,8871
"329","2016","Retail trade","Service, except protective",355,307,86,515,33,28,662
"330","2016","Retail trade","Transportation and material moving",231,980,167,956,45,43,1211
"331","2016","Transportation and utilities","Construction and extraction",8,179,21,157,5,4,187
"332","2016","Transportation and utilities","Farming, fishing, and forestry",0,1,0,1,0,0,1
"333","2016","Transportation and utilities","Installation, maintenance, and repair",12,506,45,444,16,13,518
"334","2016","Transportation and utilities","Management, business, and financial operations",269,588,85,706,56,10,857
"335","2016","Transportation and utilities","Office and administrative support",810,864,335,1171,106,62,1674
"336","2016","Transportation and utilities","Production",55,275,48,265,6,11,330
"337","2016","Transportation and utilities","Professional and related",81,277,34,287,32,5,358
"338","2016","Transportation and utilities","Protective service",8,20,5,22,1,0,28
"339","2016","Transportation and utilities","Sales and related",33,62,17,73,3,2,95
"340","2016","Transportation and utilities","Service, except protective",52,75,24,90,8,5,127
"341","2016","Transportation and utilities","Transportation and material moving",557,3281,828,2684,191,135,3838
"342","2016","Wholesale trade","Construction and extraction",0,21,2,19,0,0,21
"343","2016","Wholesale trade","Farming, fishing, and forestry",16,18,6,26,2,-1,33
"344","2016","Wholesale trade","Installation, maintenance, and repair",5,125,7,112,3,8,130
"345","2016","Wholesale trade","Management, business, and financial operations",194,380,33,477,57,8,575
"346","2016","Wholesale trade","Office and administrative support",337,232,60,461,33,15,569
"347","2016","Wholesale trade","Production",30,71,13,80,5,3,101
"348","2016","Wholesale trade","Professional and related",50,116,14,130,20,3,167
"349","2016","Wholesale trade","Protective service",0,3,0,3,0,0,3
"350","2016","Wholesale trade","Sales and related",348,990,63,1167,74,33,1337
"351","2016","Wholesale trade","Service, except protective",16,23,7,30,1,1,39
"352","2016","Wholesale trade","Transportation and material moving",77,589,100,514,24,28,666
"353","2017","Agriculture and related","Construction and extraction",0,11,0,10,0,1,11
"354","2017","Agriculture and related","Farming, fishing, and forestry",200,801,42,908,12,39,1001
"355","2017","Agriculture and related","Installation, maintenance, and repair",0,30,1,28,1,0,30
"356","2017","Agriculture and related","Management, business, and financial operations",278,778,10,1007,14,25,1056
"357","2017","Agriculture and related","Office and administrative support",68,13,3,73,2,2,80
"358","2017","Agriculture and related","Production",4,20,2,17,1,4,24
"359","2017","Agriculture and related","Professional and related",14,38,1,49,2,0,52
"360","2017","Agriculture and related","Protective service",2,12,0,13,0,1,14
"361","2017","Agriculture and related","Sales and related",5,13,0,18,0,0,18
"362","2017","Agriculture and related","Service, except protective",29,48,3,72,1,1,77
"363","2017","Agriculture and related","Transportation and material moving",11,78,11,72,2,5,90
"364","2017","Construction","Construction and extraction",192,6576,460,5958,104,247,6769
"365","2017","Construction","Farming, fishing, and forestry",0,5,0,5,0,0,5
"366","2017","Construction","Installation, maintenance, and repair",9,603,33,554,13,12,612
"367","2017","Construction","Management, business, and financial operations",252,1732,80,1816,47,41,1984
"368","2017","Construction","Office and administrative support",421,70,16,450,11,15,492
"369","2017","Construction","Production",3,158,17,136,2,6,161
"370","2017","Construction","Professional and related",56,210,17,221,18,9,265
"371","2017","Construction","Protective service",2,13,1,11,2,1,15
"372","2017","Construction","Sales and related",21,90,1,107,2,1,111
"373","2017","Construction","Service, except protective",9,38,4,39,1,3,47
"374","2017","Construction","Transportation and material moving",7,225,22,203,2,5,232
"375","2017","Education and health services","Construction and extraction",7,76,14,65,1,3,83
"376","2017","Education and health services","Farming, fishing, and forestry",1,3,0,4,0,0,4
"377","2017","Education and health services","Installation, maintenance, and repair",18,183,26,163,7,5,201
"378","2017","Education and health services","Management, business, and financial operations",2183,1125,407,2653,158,90,3308
"379","2017","Education and health services","Office and administrative support",3198,341,505,2758,153,123,3539
"380","2017","Education and health services","Production",101,67,34,112,14,8,168
"381","2017","Education and health services","Professional and related",14096,5199,2289,15190,1361,455,19295
"382","2017","Education and health services","Protective service",61,121,51,117,6,8,182
"383","2017","Education and health services","Sales and related",71,29,15,76,4,5,100
"384","2017","Education and health services","Service, except protective",5742,1430,1689,4819,383,281,7172
"385","2017","Education and health services","Transportation and material moving",201,231,89,311,14,18,432
"386","2017","Financial activities","Construction and extraction",3,46,4,43,1,1,49
"387","2017","Financial activities","Farming, fishing, and forestry",0,0,0,0,0,0,0
"388","2017","Financial activities","Installation, maintenance, and repair",12,174,19,155,6,6,186
"389","2017","Financial activities","Management, business, and financial operations",2153,2245,392,3615,298,93,4398
"390","2017","Financial activities","Office and administrative support",1681,431,293,1642,107,70,2112
"391","2017","Financial activities","Production",21,20,5,32,4,0,41
"392","2017","Financial activities","Professional and related",383,524,99,627,164,17,907
"393","2017","Financial activities","Protective service",29,33,16,42,3,1,62
"394","2017","Financial activities","Sales and related",1153,1131,186,1918,122,58,2284
"395","2017","Financial activities","Service, except protective",93,233,58,236,17,15,326
"396","2017","Financial activities","Transportation and material moving",14,102,20,84,2,10,116
"397","2017","Information","Construction and extraction",0,13,0,11,2,0,13
"398","2017","Information","Farming, fishing, and forestry",0,0,0,0,0,0,0
"399","2017","Information","Installation, maintenance, and repair",11,268,47,221,7,4,279
"400","2017","Information","Management, business, and financial operations",226,338,45,459,48,12,564
"401","2017","Information","Office and administrative support",293,135,82,314,18,14,428
"402","2017","Information","Production",13,27,3,32,2,3,40
"403","2017","Information","Professional and related",399,736,99,870,128,37,1134
"404","2017","Information","Protective service",0,6,1,5,0,0,6
"405","2017","Information","Sales and related",144,186,45,264,16,5,330
"406","2017","Information","Service, except protective",39,34,7,60,1,4,72
"407","2017","Information","Transportation and material moving",7,30,7,25,1,4,37
"408","2017","Leisure and hospitality","Construction and extraction",3,33,2,30,1,4,37
"409","2017","Leisure and hospitality","Farming, fishing, and forestry",1,4,0,4,0,1,5
"410","2017","Leisure and hospitality","Installation, maintenance, and repair",6,104,9,95,2,4,110
"411","2017","Leisure and hospitality","Management, business, and financial operations",983,1035,189,1555,191,83,2018
"412","2017","Leisure and hospitality","Office and administrative support",476,232,89,526,54,39,708
"413","2017","Leisure and hospitality","Production",68,70,22,102,12,3,139
"414","2017","Leisure and hospitality","Professional and related",441,557,87,820,54,37,998
"415","2017","Leisure and hospitality","Protective service",61,140,33,148,7,13,201
"416","2017","Leisure and hospitality","Sales and related",762,280,229,674,71,68,1042
"417","2017","Leisure and hospitality","Service, except protective",4428,4238,1166,6453,554,493,8666
"418","2017","Leisure and hospitality","Transportation and material moving",66,301,54,273,19,21,367
"419","2017","Manufacturing, durable goods","Construction and extraction",5,228,14,205,6,9,234
"420","2017","Manufacturing, durable goods","Farming, fishing, and forestry",1,5,0,5,0,0,5
"421","2017","Manufacturing, durable goods","Installation, maintenance, and repair",25,409,35,370,15,14,434
"422","2017","Manufacturing, durable goods","Management, business, and financial operations",503,1189,70,1481,118,23,1692
"423","2017","Manufacturing, durable goods","Office and administrative support",498,325,77,694,30,22,823
"424","2017","Manufacturing, durable goods","Production",917,2906,496,2959,246,122,3823
"425","2017","Manufacturing, durable goods","Professional and related",296,1328,68,1244,278,34,1624
"426","2017","Manufacturing, durable goods","Protective service",5,19,5,18,2,0,25
"427","2017","Manufacturing, durable goods","Sales and related",76,219,17,265,10,4,296
"428","2017","Manufacturing, durable goods","Service, except protective",30,60,10,72,4,3,89
"429","2017","Manufacturing, durable goods","Transportation and material moving",106,548,115,499,19,21,654
"430","2017","Manufacturing, nondurable goods","Construction and extraction",4,66,4,66,1,0,71
"431","2017","Manufacturing, nondurable goods","Farming, fishing, and forestry",35,22,7,45,2,2,56
"432","2017","Manufacturing, nondurable goods","Installation, maintenance, and repair",7,234,12,218,5,6,241
"433","2017","Manufacturing, nondurable goods","Management, business, and financial operations",368,585,50,819,70,13,952
"434","2017","Manufacturing, nondurable goods","Office and administrative support",285,184,54,379,21,15,469
"435","2017","Manufacturing, nondurable goods","Production",837,1418,344,1674,149,88,2255
"436","2017","Manufacturing, nondurable goods","Professional and related",213,418,45,495,80,10,630
"437","2017","Manufacturing, nondurable goods","Protective service",3,9,1,11,0,0,12
"438","2017","Manufacturing, nondurable goods","Sales and related",148,164,17,271,15,9,312
"439","2017","Manufacturing, nondurable goods","Service, except protective",51,75,16,90,9,11,126
"440","2017","Manufacturing, nondurable goods","Transportation and material moving",137,448,99,441,20,25,585
"441","2017","Mining, quarrying, and oil and gas extraction","Construction and extraction",5,231,13,207,4,11,235
"442","2017","Mining, quarrying, and oil and gas extraction","Farming, fishing, and forestry",0,1,0,1,0,0,1
"443","2017","Mining, quarrying, and oil and gas extraction","Installation, maintenance, and repair",1,54,3,49,1,2,55
"444","2017","Mining, quarrying, and oil and gas extraction","Management, business, and financial operations",27,119,4,135,3,4,146
"445","2017","Mining, quarrying, and oil and gas extraction","Office and administrative support",31,21,6,44,0,2,52
"446","2017","Mining, quarrying, and oil and gas extraction","Production",1,46,4,38,2,3,47
"447","2017","Mining, quarrying, and oil and gas extraction","Professional and related",25,86,6,95,10,0,111
"448","2017","Mining, quarrying, and oil and gas extraction","Protective service",0,4,0,4,0,0,4
"449","2017","Mining, quarrying, and oil and gas extraction","Sales and related",1,9,0,7,0,4,11
"450","2017","Mining, quarrying, and oil and gas extraction","Service, except protective",1,4,1,4,0,0,5
"451","2017","Mining, quarrying, and oil and gas extraction","Transportation and material moving",1,80,6,70,1,4,81
"452","2017","Other services, except private households","Construction and extraction",0,23,0,22,0,1,23
"453","2017","Other services, except private households","Farming, fishing, and forestry",0,2,0,2,0,0,2
"454","2017","Other services, except private households","Installation, maintenance, and repair",35,1075,92,943,41,34,1110
"455","2017","Other services, except private households","Management, business, and financial operations",394,294,71,567,28,22,688
"456","2017","Other services, except private households","Office and administrative support",519,80,52,499,26,22,599
"457","2017","Other services, except private households","Production",131,310,43,352,24,23,442
"458","2017","Other services, except private households","Professional and related",419,551,113,789,46,22,970
"459","2017","Other services, except private households","Protective service",7,20,3,24,0,0,27
"460","2017","Other services, except private households","Sales and related",108,277,31,316,22,16,385
"461","2017","Other services, except private households","Service, except protective",1617,624,290,1501,365,85,2241
"462","2017","Other services, except private households","Transportation and material moving",33,307,73,232,17,18,340
"463","2017","Other services, private households only","Construction and extraction",0,1,0,1,0,0,1
"464","2017","Other services, private households only","Farming, fishing, and forestry",0,0,0,0,0,0,0
"465","2017","Other services, private households only","Installation, maintenance, and repair",0,0,0,0,0,0,0
"466","2017","Other services, private households only","Management, business, and financial operations",6,1,0,6,1,0,7
"467","2017","Other services, private households only","Office and administrative support",4,0,0,4,1,-1,4
"468","2017","Other services, private households only","Production",0,0,0,0,0,0,0
"469","2017","Other services, private households only","Professional and related",4,2,2,3,0,1,6
"470","2017","Other services, private households only","Protective service",0,0,0,0,0,0,0
"471","2017","Other services, private households only","Sales and related",0,0,0,0,0,0,0
"472","2017","Other services, private households only","Service, except protective",588,42,64,523,21,22,630
"473","2017","Other services, private households only","Transportation and material moving",0,8,1,7,0,0,8
"474","2017","Professional and business services","Construction and extraction",10,121,13,107,4,7,131
"475","2017","Professional and business services","Farming, fishing, and forestry",3,14,1,14,0,3,18
"476","2017","Professional and business services","Installation, maintenance, and repair",18,285,32,242,14,15,303
"477","2017","Professional and business services","Management, business, and financial operations",2151,2689,331,3958,440,112,4841
"478","2017","Professional and business services","Office and administrative support",1740,539,324,1781,103,71,2279
"479","2017","Professional and business services","Production",91,219,44,225,27,15,311
"480","2017","Professional and business services","Professional and related",2198,3930,394,4729,829,177,6129
"481","2017","Professional and business services","Protective service",144,413,185,313,27,32,557
"482","2017","Professional and business services","Sales and related",296,348,62,539,29,14,644
"483","2017","Professional and business services","Service, except protective",1201,1839,360,2475,81,124,3040
"484","2017","Professional and business services","Transportation and material moving",101,484,133,399,18,35,585
"485","2017","Public administration","Construction and extraction",6,99,10,86,2,7,105
"486","2017","Public administration","Farming, fishing, and forestry",6,15,0,17,2,2,21
"487","2017","Public administration","Installation, maintenance, and repair",11,154,20,128,7,10,165
"488","2017","Public administration","Management, business, and financial operations",721,630,234,1016,59,42,1351
"489","2017","Public administration","Office and administrative support",899,295,224,856,47,68,1195
"490","2017","Public administration","Production",17,63,10,64,3,3,80
"491","2017","Public administration","Professional and related",916,896,301,1320,131,60,1812
"492","2017","Public administration","Protective service",350,1556,323,1480,40,62,1905
"493","2017","Public administration","Sales and related",15,17,7,21,3,0,31
"494","2017","Public administration","Service, except protective",193,132,54,225,20,26,325
"495","2017","Public administration","Transportation and material moving",14,80,26,60,6,2,94
"496","2017","Retail trade","Construction and extraction",5,68,2,68,1,2,73
"497","2017","Retail trade","Farming, fishing, and forestry",4,6,1,9,0,0,10
"498","2017","Retail trade","Installation, maintenance, and repair",25,557,46,496,24,16,582
"499","2017","Retail trade","Management, business, and financial operations",476,509,77,814,64,29,984
"500","2017","Retail trade","Office and administrative support",1550,1226,425,2125,121,105,2776
"501","2017","Retail trade","Production",164,293,54,360,25,17,456
"502","2017","Retail trade","Professional and related",628,407,78,791,135,32,1036
"503","2017","Retail trade","Protective service",21,45,11,47,3,5,66
"504","2017","Retail trade","Sales and related",4593,4231,1070,6899,526,329,8824
"505","2017","Retail trade","Service, except protective",342,293,93,478,29,36,636
"506","2017","Retail trade","Transportation and material moving",256,1020,190,968,57,61,1276
"507","2017","Transportation and utilities","Construction and extraction",2,174,11,152,5,8,176
"508","2017","Transportation and utilities","Farming, fishing, and forestry",1,3,0,4,0,0,4
"509","2017","Transportation and utilities","Installation, maintenance, and repair",16,527,46,460,17,20,543
"510","2017","Transportation and utilities","Management, business, and financial operations",263,613,90,721,43,22,876
"511","2017","Transportation and utilities","Office and administrative support",851,801,383,1139,78,53,1653
"512","2017","Transportation and utilities","Production",39,334,37,321,5,10,373
"513","2017","Transportation and utilities","Professional and related",92,287,37,302,33,7,379
"514","2017","Transportation and utilities","Protective service",9,25,8,24,0,2,34
"515","2017","Transportation and utilities","Sales and related",37,86,12,107,4,0,123
"516","2017","Transportation and utilities","Service, except protective",62,90,43,95,7,7,152
"517","2017","Transportation and utilities","Transportation and material moving",584,3263,865,2637,211,134,3847
"518","2017","Wholesale trade","Construction and extraction",0,22,4,18,0,0,22
"519","2017","Wholesale trade","Farming, fishing, and forestry",25,26,7,39,4,2,52
"520","2017","Wholesale trade","Installation, maintenance, and repair",5,122,10,109,3,4,126
"521","2017","Wholesale trade","Management, business, and financial operations",189,324,24,441,41,7,513
"522","2017","Wholesale trade","Office and administrative support",308,234,59,433,33,17,542
"523","2017","Wholesale trade","Production",41,81,16,88,9,9,122
"524","2017","Wholesale trade","Professional and related",61,112,9,139,21,4,173
"525","2017","Wholesale trade","Protective service",1,3,0,3,1,-1,3
"526","2017","Wholesale trade","Sales and related",341,963,65,1157,60,22,1304
"527","2017","Wholesale trade","Service, except protective",11,22,6,26,1,1,34
"528","2017","Wholesale trade","Transportation and material moving",91,610,134,510,35,22,701
"529","2018","Agriculture and related","Construction and extraction",1,14,2,12,1,0,15
"530","2018","Agriculture and related","Farming, fishing, and forestry",207,759,25,883,18,40,966
"531","2018","Agriculture and related","Installation, maintenance, and repair",0,36,1,30,1,4,36
"532","2018","Agriculture and related","Management, business, and financial operations",278,753,10,989,14,19,1032
"533","2018","Agriculture and related","Office and administrative support",69,14,1,79,2,1,83
"534","2018","Agriculture and related","Production",8,33,8,32,1,0,41
"535","2018","Agriculture and related","Professional and related",15,26,1,36,2,2,41
"536","2018","Agriculture and related","Protective service",2,11,0,13,0,1,14
"537","2018","Agriculture and related","Sales and related",3,12,0,15,0,0,15
"538","2018","Agriculture and related","Service, except protective",32,52,3,79,0,2,84
"539","2018","Agriculture and related","Transportation and material moving",12,86,11,83,1,3,98
"540","2018","Construction","Construction and extraction",222,6770,473,6142,106,271,6992
"541","2018","Construction","Farming, fishing, and forestry",0,3,0,2,0,1,3
"542","2018","Construction","Installation, maintenance, and repair",10,575,52,490,17,26,585
"543","2018","Construction","Management, business, and financial operations",290,1859,65,1977,53,54,2149
"544","2018","Construction","Office and administrative support",464,79,25,490,15,13,543
"545","2018","Construction","Production",3,182,14,155,7,9,185
"546","2018","Construction","Professional and related",62,240,22,262,16,2,302
"547","2018","Construction","Protective service",5,13,5,12,0,1,18
"548","2018","Construction","Sales and related",26,98,3,118,2,1,124
"549","2018","Construction","Service, except protective",13,36,2,45,1,1,49
"550","2018","Construction","Transportation and material moving",7,226,28,195,1,8,232
"551","2018","Education and health services","Construction and extraction",5,73,9,62,3,3,77
"552","2018","Education and health services","Farming, fishing, and forestry",2,2,0,4,0,0,4
"553","2018","Education and health services","Installation, maintenance, and repair",21,195,37,166,8,5,216
"554","2018","Education and health services","Management, business, and financial operations",2245,1136,440,2691,164,86,3381
"555","2018","Education and health services","Office and administrative support",3152,373,478,2775,160,112,3525
"556","2018","Education and health services","Production",99,82,30,132,9,10,181
"557","2018","Education and health services","Professional and related",14388,5318,2396,15304,1476,530,19706
"558","2018","Education and health services","Protective service",53,131,41,124,6,12,183
"559","2018","Education and health services","Sales and related",82,27,13,87,4,5,109
"560","2018","Education and health services","Service, except protective",5838,1401,1783,4798,391,267,7239
"561","2018","Education and health services","Transportation and material moving",174,247,79,318,11,13,421
"562","2018","Financial activities","Construction and extraction",6,56,8,53,0,1,62
"563","2018","Financial activities","Farming, fishing, and forestry",0,0,0,0,0,0,0
"564","2018","Financial activities","Installation, maintenance, and repair",9,152,20,129,6,6,161
"565","2018","Financial activities","Management, business, and financial operations",2226,2272,384,3672,335,107,4498
"566","2018","Financial activities","Office and administrative support",1632,428,288,1597,100,75,2060
"567","2018","Financial activities","Production",20,23,7,31,4,1,43
"568","2018","Financial activities","Professional and related",391,576,94,653,193,27,967
"569","2018","Financial activities","Protective service",18,36,19,28,3,4,54
"570","2018","Financial activities","Sales and related",1197,1185,191,2005,142,43,2381
"571","2018","Financial activities","Service, except protective",85,224,54,238,8,9,309
"572","2018","Financial activities","Transportation and material moving",15,99,23,84,3,5,115
"573","2018","Information","Construction and extraction",0,14,1,13,0,0,14
"574","2018","Information","Farming, fishing, and forestry",0,0,0,0,0,0,0
"575","2018","Information","Installation, maintenance, and repair",20,271,41,230,13,7,291
"576","2018","Information","Management, business, and financial operations",238,373,48,489,56,18,611
"577","2018","Information","Office and administrative support",267,113,74,272,16,17,379
"578","2018","Information","Production",10,23,5,27,2,-1,33
"579","2018","Information","Professional and related",406,753,109,916,109,25,1159
"580","2018","Information","Protective service",1,5,0,6,0,0,6
"581","2018","Information","Sales and related",141,178,44,249,17,9,319
"582","2018","Information","Service, except protective",28,39,13,51,1,2,67
"583","2018","Information","Transportation and material moving",7,32,4,33,0,2,39
"584","2018","Leisure and hospitality","Construction and extraction",6,39,2,41,1,1,45
"585","2018","Leisure and hospitality","Farming, fishing, and forestry",2,4,0,6,0,0,6
"586","2018","Leisure and hospitality","Installation, maintenance, and repair",2,105,14,83,1,9,107
"587","2018","Leisure and hospitality","Management, business, and financial operations",1011,1085,207,1617,190,82,2096
"588","2018","Leisure and hospitality","Office and administrative support",527,255,102,576,51,54,783
"589","2018","Leisure and hospitality","Production",63,65,30,79,8,11,128
"590","2018","Leisure and hospitality","Professional and related",414,569,99,800,45,39,983
"591","2018","Leisure and hospitality","Protective service",60,144,29,153,8,14,204
"592","2018","Leisure and hospitality","Sales and related",734,272,201,675,69,61,1006
"593","2018","Leisure and hospitality","Service, except protective",4453,4077,1169,6282,576,503,8530
"594","2018","Leisure and hospitality","Transportation and material moving",75,305,54,286,25,15,380
"595","2018","Manufacturing, durable goods","Construction and extraction",10,235,22,207,5,12,246
"596","2018","Manufacturing, durable goods","Farming, fishing, and forestry",1,4,0,4,0,0,4
"597","2018","Manufacturing, durable goods","Installation, maintenance, and repair",17,424,40,372,21,8,441
"598","2018","Manufacturing, durable goods","Management, business, and financial operations",513,1148,66,1427,141,27,1661
"599","2018","Manufacturing, durable goods","Office and administrative support",465,318,69,650,29,35,783
"600","2018","Manufacturing, durable goods","Production",915,2958,495,3001,246,130,3872
"601","2018","Manufacturing, durable goods","Professional and related",302,1347,83,1273,249,44,1649
"602","2018","Manufacturing, durable goods","Protective service",2,9,1,11,0,0,12
"603","2018","Manufacturing, durable goods","Sales and related",77,236,10,283,12,8,313
"604","2018","Manufacturing, durable goods","Service, except protective",29,64,11,76,5,1,93
"605","2018","Manufacturing, durable goods","Transportation and material moving",131,626,116,591,24,26,757
"606","2018","Manufacturing, nondurable goods","Construction and extraction",1,66,5,58,1,3,67
"607","2018","Manufacturing, nondurable goods","Farming, fishing, and forestry",26,25,5,42,3,2,52
"608","2018","Manufacturing, nondurable goods","Installation, maintenance, and repair",8,261,17,242,3,7,269
"609","2018","Manufacturing, nondurable goods","Management, business, and financial operations",365,604,69,813,57,30,969
"610","2018","Manufacturing, nondurable goods","Office and administrative support",262,198,50,370,25,15,460
"611","2018","Manufacturing, nondurable goods","Production",853,1378,352,1655,131,93,2231
"612","2018","Manufacturing, nondurable goods","Professional and related",211,436,56,499,74,18,647
"613","2018","Manufacturing, nondurable goods","Protective service",4,10,4,10,0,0,14
"614","2018","Manufacturing, nondurable goods","Sales and related",145,144,14,255,12,8,289
"615","2018","Manufacturing, nondurable goods","Service, except protective",58,87,25,106,10,4,145
"616","2018","Manufacturing, nondurable goods","Transportation and material moving",141,445,115,421,20,31,587
"617","2018","Mining, quarrying, and oil and gas extraction","Construction and extraction",6,240,12,222,1,11,246
"618","2018","Mining, quarrying, and oil and gas extraction","Farming, fishing, and forestry",0,0,0,0,0,0,0
"619","2018","Mining, quarrying, and oil and gas extraction","Installation, maintenance, and repair",1,54,3,47,3,2,55
"620","2018","Mining, quarrying, and oil and gas extraction","Management, business, and financial operations",33,111,11,126,5,2,144
"621","2018","Mining, quarrying, and oil and gas extraction","Office and administrative support",35,17,6,44,0,1,51
"622","2018","Mining, quarrying, and oil and gas extraction","Production",3,47,6,43,0,2,51
"623","2018","Mining, quarrying, and oil and gas extraction","Professional and related",24,85,3,94,12,0,109
"624","2018","Mining, quarrying, and oil and gas extraction","Protective service",0,4,0,3,0,1,4
"625","2018","Mining, quarrying, and oil and gas extraction","Sales and related",1,10,0,10,0,1,11
"626","2018","Mining, quarrying, and oil and gas extraction","Service, except protective",2,8,1,9,0,0,10
"627","2018","Mining, quarrying, and oil and gas extraction","Transportation and material moving",3,99,8,85,2,7,102
"628","2018","Other services, except private households","Construction and extraction",0,15,0,15,0,0,15
"629","2018","Other services, except private households","Farming, fishing, and forestry",1,2,0,3,0,0,3
"630","2018","Other services, except private households","Installation, maintenance, and repair",37,1115,94,969,41,48,1152
"631","2018","Other services, except private households","Management, business, and financial operations",407,304,64,580,48,19,711
"632","2018","Other services, except private households","Office and administrative support",561,73,56,536,25,17,634
"633","2018","Other services, except private households","Production",133,356,46,387,32,24,489
"634","2018","Other services, except private households","Professional and related",425,564,120,790,55,24,989
"635","2018","Other services, except private households","Protective service",12,17,5,23,1,0,29
"636","2018","Other services, except private households","Sales and related",97,266,36,298,18,10,362
"637","2018","Other services, except private households","Service, except protective",1715,531,292,1496,396,62,2246
"638","2018","Other services, except private households","Transportation and material moving",36,299,53,257,11,15,336
"639","2018","Other services, private households only","Construction and extraction",0,0,0,0,0,0,0
"640","2018","Other services, private households only","Farming, fishing, and forestry",0,0,0,0,0,0,0
"641","2018","Other services, private households only","Installation, maintenance, and repair",0,0,0,0,0,0,0
"642","2018","Other services, private households only","Management, business, and financial operations",2,0,0,2,0,1,3
"643","2018","Other services, private households only","Office and administrative support",2,2,0,4,0,0,4
"644","2018","Other services, private households only","Production",1,0,0,1,0,0,1
"645","2018","Other services, private households only","Professional and related",6,1,3,3,1,0,7
"646","2018","Other services, private households only","Protective service",0,0,0,0,0,0,0
"647","2018","Other services, private households only","Sales and related",0,0,0,0,0,0,0
"648","2018","Other services, private households only","Service, except protective",712,42,69,629,22,34,754
"649","2018","Other services, private households only","Transportation and material moving",1,6,0,7,1,0,8
"650","2018","Professional and business services","Construction and extraction",12,149,19,128,7,7,161
"651","2018","Professional and business services","Farming, fishing, and forestry",3,10,2,10,2,0,14
"652","2018","Professional and business services","Installation, maintenance, and repair",14,268,31,235,10,6,282
"653","2018","Professional and business services","Management, business, and financial operations",2110,2668,319,3874,484,100,4777
"654","2018","Professional and business services","Office and administrative support",1619,531,319,1657,100,73,2149
"655","2018","Professional and business services","Production",105,198,37,239,15,12,303
"656","2018","Professional and business services","Professional and related",2362,4147,395,4997,956,162,6510
"657","2018","Professional and business services","Protective service",156,466,210,355,21,36,622
"658","2018","Professional and business services","Sales and related",300,348,60,548,26,14,648
"659","2018","Professional and business services","Service, except protective",1077,1832,352,2353,60,144,2909
"660","2018","Professional and business services","Transportation and material moving",114,462,133,411,16,15,575
"661","2018","Public administration","Construction and extraction",7,104,11,91,5,4,111
"662","2018","Public administration","Farming, fishing, and forestry",8,15,8,13,1,1,23
"663","2018","Public administration","Installation, maintenance, and repair",6,147,19,119,4,11,153
"664","2018","Public administration","Management, business, and financial operations",765,686,235,1104,69,43,1451
"665","2018","Public administration","Office and administrative support",957,281,235,895,53,55,1238
"666","2018","Public administration","Production",20,59,11,59,4,5,79
"667","2018","Public administration","Professional and related",981,907,316,1390,122,60,1888
"668","2018","Public administration","Protective service",380,1574,316,1545,34,59,1954
"669","2018","Public administration","Sales and related",20,16,4,27,1,3,35
"670","2018","Public administration","Service, except protective",232,151,70,246,30,37,383
"671","2018","Public administration","Transportation and material moving",20,85,27,68,5,5,105
"672","2018","Retail trade","Construction and extraction",3,70,5,62,2,5,74
"673","2018","Retail trade","Farming, fishing, and forestry",7,6,1,11,0,1,13
"674","2018","Retail trade","Installation, maintenance, and repair",19,558,40,492,20,25,577
"675","2018","Retail trade","Management, business, and financial operations",440,500,79,774,66,21,940
"676","2018","Retail trade","Office and administrative support",1466,1212,395,2029,117,137,2678
"677","2018","Retail trade","Production",160,313,57,367,27,21,472
"678","2018","Retail trade","Professional and related",605,426,92,772,139,28,1031
"679","2018","Retail trade","Protective service",19,36,9,42,3,1,55
"680","2018","Retail trade","Sales and related",4638,4128,1080,6857,472,357,8766
"681","2018","Retail trade","Service, except protective",363,257,103,452,35,30,620
"682","2018","Retail trade","Transportation and material moving",298,1074,223,1035,56,58,1372
"683","2018","Transportation and utilities","Construction and extraction",5,181,19,163,2,2,186
"684","2018","Transportation and utilities","Farming, fishing, and forestry",0,1,0,1,0,0,1
"685","2018","Transportation and utilities","Installation, maintenance, and repair",20,540,59,468,11,22,560
"686","2018","Transportation and utilities","Management, business, and financial operations",284,627,102,737,51,22,912
"687","2018","Transportation and utilities","Office and administrative support",845,883,382,1197,89,61,1729
"688","2018","Transportation and utilities","Production",57,321,47,295,12,23,377
"689","2018","Transportation and utilities","Professional and related",107,311,48,321,40,9,418
"690","2018","Transportation and utilities","Protective service",7,23,7,22,0,1,30
"691","2018","Transportation and utilities","Sales and related",49,81,22,100,4,4,130
"692","2018","Transportation and utilities","Service, except protective",60,104,48,92,15,9,164
"693","2018","Transportation and utilities","Transportation and material moving",648,3396,910,2732,246,156,4044
"694","2018","Wholesale trade","Construction and extraction",0,27,2,25,0,0,27
"695","2018","Wholesale trade","Farming, fishing, and forestry",15,18,2,29,2,0,33
"696","2018","Wholesale trade","Installation, maintenance, and repair",3,123,6,109,4,7,126
"697","2018","Wholesale trade","Management, business, and financial operations",178,339,28,438,40,10,516
"698","2018","Wholesale trade","Office and administrative support",325,232,64,444,26,23,557
"699","2018","Wholesale trade","Production",31,102,22,100,3,8,133
"700","2018","Wholesale trade","Professional and related",61,117,15,137,25,2,179
"701","2018","Wholesale trade","Protective service",0,5,0,4,1,1,6
"702","2018","Wholesale trade","Sales and related",298,999,60,1150,63,24,1297
"703","2018","Wholesale trade","Service, except protective",22,29,11,39,1,0,51
"704","2018","Wholesale trade","Transportation and material moving",115,633,119,579,26,23,747
"705","2019","Agriculture and related","Construction and extraction",0,12,2,10,0,0,12
"706","2019","Agriculture and related","Farming, fishing, and forestry",219,774,26,904,17,46,993
"707","2019","Agriculture and related","Installation, maintenance, and repair",0,26,1,24,1,0,26
"708","2019","Agriculture and related","Management, business, and financial operations",263,745,8,975,10,15,1008
"709","2019","Agriculture and related","Office and administrative support",67,14,0,75,5,1,81
"710","2019","Agriculture and related","Production",6,32,2,34,1,1,38
"711","2019","Agriculture and related","Professional and related",14,28,2,38,1,1,42
"712","2019","Agriculture and related","Protective service",3,13,0,14,0,1,15
"713","2019","Agriculture and related","Sales and related",9,8,0,15,0,2,17
"714","2019","Agriculture and related","Service, except protective",36,62,5,86,1,6,98
"715","2019","Agriculture and related","Transportation and material moving",18,76,7,79,4,3,93
"716","2019","Construction","Construction and extraction",222,6822,498,6162,98,286,7044
"717","2019","Construction","Farming, fishing, and forestry",0,4,0,4,0,0,4
"718","2019","Construction","Installation, maintenance, and repair",17,572,45,501,17,26,589
"719","2019","Construction","Management, business, and financial operations",363,1948,85,2108,65,53,2311
"720","2019","Construction","Office and administrative support",446,82,25,476,9,19,529
"721","2019","Construction","Production",8,152,9,142,4,5,160
"722","2019","Construction","Professional and related",55,235,16,246,21,6,289
"723","2019","Construction","Protective service",6,17,4,19,0,1,24
"724","2019","Construction","Sales and related",35,83,6,111,1,0,118
"725","2019","Construction","Service, except protective",6,31,4,29,1,3,37
"726","2019","Construction","Transportation and material moving",9,259,35,219,2,11,267
"727","2019","Education and health services","Construction and extraction",9,77,12,67,2,6,87
"728","2019","Education and health services","Farming, fishing, and forestry",2,3,0,4,1,0,5
"729","2019","Education and health services","Installation, maintenance, and repair",15,198,26,164,16,7,213
"730","2019","Education and health services","Management, business, and financial operations",2411,1161,452,2823,191,106,3572
"731","2019","Education and health services","Office and administrative support",3129,419,500,2747,180,121,3548
"732","2019","Education and health services","Production",108,64,22,135,7,8,172
"733","2019","Education and health services","Professional and related",14880,5383,2398,15816,1498,551,20263
"734","2019","Education and health services","Protective service",52,112,41,110,7,6,164
"735","2019","Education and health services","Sales and related",79,31,18,84,5,3,110
"736","2019","Education and health services","Service, except protective",5979,1357,1851,4783,381,321,7336
"737","2019","Education and health services","Transportation and material moving",177,247,98,307,8,11,424
"738","2019","Financial activities","Construction and extraction",7,50,8,41,5,3,57
"739","2019","Financial activities","Farming, fishing, and forestry",0,0,0,0,0,0,0
"740","2019","Financial activities","Installation, maintenance, and repair",15,172,25,146,7,8,186
"741","2019","Financial activities","Management, business, and financial operations",2230,2416,432,3754,360,100,4646
"742","2019","Financial activities","Office and administrative support",1619,428,293,1593,95,67,2048
"743","2019","Financial activities","Production",19,19,4,31,2,1,38
"744","2019","Financial activities","Professional and related",448,594,90,747,188,17,1042
"745","2019","Financial activities","Protective service",24,34,12,41,3,2,58
"746","2019","Financial activities","Sales and related",1201,1117,201,1936,131,50,2318
"747","2019","Financial activities","Service, except protective",84,193,49,209,13,6,277
"748","2019","Financial activities","Transportation and material moving",13,82,16,76,2,1,95
"749","2019","Information","Construction and extraction",1,15,1,14,0,1,16
"750","2019","Information","Farming, fishing, and forestry",0,0,0,0,0,0,0
"751","2019","Information","Installation, maintenance, and repair",15,239,38,202,5,9,254
"752","2019","Information","Management, business, and financial operations",257,310,57,442,47,20,566
"753","2019","Information","Office and administrative support",269,106,63,286,14,12,375
"754","2019","Information","Production",11,20,3,24,4,0,31
"755","2019","Information","Professional and related",411,712,88,854,151,30,1123
"756","2019","Information","Protective service",3,6,4,5,0,0,9
"757","2019","Information","Sales and related",112,155,36,209,12,10,267
"758","2019","Information","Service, except protective",31,45,13,54,0,9,76
"759","2019","Information","Transportation and material moving",10,37,8,35,1,2,46
"760","2019","Leisure and hospitality","Construction and extraction",5,37,1,36,3,2,42
"761","2019","Leisure and hospitality","Farming, fishing, and forestry",2,4,0,6,0,0,6
"762","2019","Leisure and hospitality","Installation, maintenance, and repair",9,104,11,95,1,6,113
"763","2019","Leisure and hospitality","Management, business, and financial operations",1006,1116,204,1660,174,83,2121
"764","2019","Leisure and hospitality","Office and administrative support",540,230,105,553,61,51,770
"765","2019","Leisure and hospitality","Production",62,68,27,86,13,4,130
"766","2019","Leisure and hospitality","Professional and related",450,566,97,832,37,50,1016
"767","2019","Leisure and hospitality","Protective service",64,143,27,157,3,19,206
"768","2019","Leisure and hospitality","Sales and related",771,352,225,731,93,74,1123
"769","2019","Leisure and hospitality","Service, except protective",4513,4233,1166,6485,599,496,8746
"770","2019","Leisure and hospitality","Transportation and material moving",77,292,51,277,21,20,369
"771","2019","Manufacturing, durable goods","Construction and extraction",13,228,15,215,5,6,241
"772","2019","Manufacturing, durable goods","Farming, fishing, and forestry",0,4,0,3,0,1,4
"773","2019","Manufacturing, durable goods","Installation, maintenance, and repair",23,421,40,378,16,9,443
"774","2019","Manufacturing, durable goods","Management, business, and financial operations",550,1207,86,1495,130,46,1757
"775","2019","Manufacturing, durable goods","Office and administrative support",452,312,73,647,26,19,765
"776","2019","Manufacturing, durable goods","Production",926,3029,512,3034,246,163,3955
"777","2019","Manufacturing, durable goods","Professional and related",304,1361,92,1262,264,47,1665
"778","2019","Manufacturing, durable goods","Protective service",1,16,4,10,3,0,17
"779","2019","Manufacturing, durable goods","Sales and related",95,246,18,302,15,6,341
"780","2019","Manufacturing, durable goods","Service, except protective",25,81,12,88,5,1,106
"781","2019","Manufacturing, durable goods","Transportation and material moving",116,560,98,536,15,27,676
"782","2019","Manufacturing, nondurable goods","Construction and extraction",4,55,5,51,1,2,59
"783","2019","Manufacturing, nondurable goods","Farming, fishing, and forestry",28,18,8,37,1,0,46
"784","2019","Manufacturing, nondurable goods","Installation, maintenance, and repair",10,253,25,228,4,6,263
"785","2019","Manufacturing, nondurable goods","Management, business, and financial operations",429,666,64,940,64,26,1094
"786","2019","Manufacturing, nondurable goods","Office and administrative support",313,197,63,401,25,21,510
"787","2019","Manufacturing, nondurable goods","Production",802,1394,327,1662,121,86,2196
"788","2019","Manufacturing, nondurable goods","Professional and related",220,419,44,495,90,10,639
"789","2019","Manufacturing, nondurable goods","Protective service",3,10,1,10,1,0,12
"790","2019","Manufacturing, nondurable goods","Sales and related",116,151,15,233,10,9,267
"791","2019","Manufacturing, nondurable goods","Service, except protective",48,78,21,96,5,4,126
"792","2019","Manufacturing, nondurable goods","Transportation and material moving",153,406,112,396,22,29,559
"793","2019","Mining, quarrying, and oil and gas extraction","Construction and extraction",8,205,10,194,1,7,212
"794","2019","Mining, quarrying, and oil and gas extraction","Farming, fishing, and forestry",0,0,0,0,0,0,0
"795","2019","Mining, quarrying, and oil and gas extraction","Installation, maintenance, and repair",1,52,2,51,0,0,53
"796","2019","Mining, quarrying, and oil and gas extraction","Management, business, and financial operations",41,115,10,140,3,2,155
"797","2019","Mining, quarrying, and oil and gas extraction","Office and administrative support",36,26,2,53,5,3,63
"798","2019","Mining, quarrying, and oil and gas extraction","Production",1,39,2,34,0,4,40
"799","2019","Mining, quarrying, and oil and gas extraction","Professional and related",23,104,7,94,19,7,127
"800","2019","Mining, quarrying, and oil and gas extraction","Protective service",0,2,0,2,0,0,2
"801","2019","Mining, quarrying, and oil and gas extraction","Sales and related",3,8,0,11,0,0,11
"802","2019","Mining, quarrying, and oil and gas extraction","Service, except protective",3,2,0,5,0,0,5
"803","2019","Mining, quarrying, and oil and gas extraction","Transportation and material moving",2,79,6,66,0,9,81
"804","2019","Other services, except private households","Construction and extraction",0,14,2,12,0,0,14
"805","2019","Other services, except private households","Farming, fishing, and forestry",1,2,0,4,0,0,4
"806","2019","Other services, except private households","Installation, maintenance, and repair",31,1030,79,888,48,46,1061
"807","2019","Other services, except private households","Management, business, and financial operations",403,331,69,609,33,22,733
"808","2019","Other services, except private households","Office and administrative support",543,103,62,531,34,19,646
"809","2019","Other services, except private households","Production",135,322,47,350,41,19,457
"810","2019","Other services, except private households","Professional and related",428,544,118,771,46,36,971
"811","2019","Other services, except private households","Protective service",2,12,2,11,1,0,14
"812","2019","Other services, except private households","Sales and related",97,298,40,321,27,7,395
"813","2019","Other services, except private households","Service, except protective",1673,535,252,1523,371,63,2209
"814","2019","Other services, except private households","Transportation and material moving",44,247,36,242,8,5,291
"815","2019","Other services, private households only","Construction and extraction",0,3,1,2,0,0,3
"816","2019","Other services, private households only","Farming, fishing, and forestry",0,0,0,0,0,0,0
"817","2019","Other services, private households only","Installation, maintenance, and repair",0,0,0,0,0,0,0
"818","2019","Other services, private households only","Management, business, and financial operations",5,1,0,5,0,1,6
"819","2019","Other services, private households only","Office and administrative support",4,1,0,3,1,0,4
"820","2019","Other services, private households only","Production",2,0,0,2,0,0,2
"821","2019","Other services, private households only","Professional and related",5,1,2,2,1,0,5
"822","2019","Other services, private households only","Protective service",0,0,0,0,0,0,0
"823","2019","Other services, private households only","Sales and related",0,1,0,0,0,1,1
"824","2019","Other services, private households only","Service, except protective",731,61,99,634,28,31,792
"825","2019","Other services, private households only","Transportation and material moving",0,6,0,6,0,1,7
"826","2019","Professional and business services","Construction and extraction",6,145,15,123,6,8,152
"827","2019","Professional and business services","Farming, fishing, and forestry",2,10,3,9,0,0,12
"828","2019","Professional and business services","Installation, maintenance, and repair",20,249,30,218,10,11,269
"829","2019","Professional and business services","Management, business, and financial operations",2279,2945,378,4169,568,109,5224
"830","2019","Professional and business services","Office and administrative support",1670,603,321,1772,109,71,2273
"831","2019","Professional and business services","Production",77,225,39,228,18,17,302
"832","2019","Professional and business services","Professional and related",2443,4196,475,4941,1060,163,6639
"833","2019","Professional and business services","Protective service",134,472,200,369,18,19,606
"834","2019","Professional and business services","Sales and related",301,380,61,573,29,18,681
"835","2019","Professional and business services","Service, except protective",1079,1788,318,2348,51,150,2867
"836","2019","Professional and business services","Transportation and material moving",94,488,117,431,17,17,582
"837","2019","Public administration","Construction and extraction",5,103,14,83,4,8,109
"838","2019","Public administration","Farming, fishing, and forestry",6,9,2,11,1,2,16
"839","2019","Public administration","Installation, maintenance, and repair",6,149,18,132,2,4,156
"840","2019","Public administration","Management, business, and financial operations",752,645,224,1043,79,51,1397
"841","2019","Public administration","Office and administrative support",927,267,224,876,47,47,1194
"842","2019","Public administration","Production",19,54,14,54,2,3,73
"843","2019","Public administration","Professional and related",944,905,337,1313,134,65,1849
"844","2019","Public administration","Protective service",373,1529,325,1484,31,62,1902
"845","2019","Public administration","Sales and related",19,18,8,23,1,5,37
"846","2019","Public administration","Service, except protective",225,150,63,251,32,29,375
"847","2019","Public administration","Transportation and material moving",26,92,34,67,6,11,118
"848","2019","Retail trade","Construction and extraction",5,69,4,65,2,3,74
"849","2019","Retail trade","Farming, fishing, and forestry",8,11,0,17,0,2,19
"850","2019","Retail trade","Installation, maintenance, and repair",17,573,51,500,18,21,590
"851","2019","Retail trade","Management, business, and financial operations",447,491,72,772,66,27,937
"852","2019","Retail trade","Office and administrative support",1416,1156,366,1925,142,139,2572
"853","2019","Retail trade","Production",180,272,48,348,31,25,452
"854","2019","Retail trade","Professional and related",580,406,97,718,137,34,986
"855","2019","Retail trade","Protective service",18,32,4,44,2,0,50
"856","2019","Retail trade","Sales and related",4415,4035,1025,6623,437,365,8450
"857","2019","Retail trade","Service, except protective",339,273,88,458,36,30,612
"858","2019","Retail trade","Transportation and material moving",296,1179,236,1120,61,58,1475
"859","2019","Transportation and utilities","Construction and extraction",4,174,15,153,5,5,178
"860","2019","Transportation and utilities","Farming, fishing, and forestry",2,5,1,6,0,0,7
"861","2019","Transportation and utilities","Installation, maintenance, and repair",7,511,51,435,17,15,518
"862","2019","Transportation and utilities","Management, business, and financial operations",302,631,110,756,50,17,933
"863","2019","Transportation and utilities","Office and administrative support",885,1003,422,1271,111,84,1888
"864","2019","Transportation and utilities","Production",70,335,66,307,21,11,405
"865","2019","Transportation and utilities","Professional and related",94,316,47,301,57,5,410
"866","2019","Transportation and utilities","Protective service",6,35,7,31,1,3,42
"867","2019","Transportation and utilities","Sales and related",44,91,19,108,7,2,136
"868","2019","Transportation and utilities","Service, except protective",53,89,32,94,10,6,142
"869","2019","Transportation and utilities","Transportation and material moving",699,3633,1041,2924,220,147,4332
"870","2019","Wholesale trade","Construction and extraction",0,23,0,23,0,0,23
"871","2019","Wholesale trade","Farming, fishing, and forestry",21,18,11,26,3,0,40
"872","2019","Wholesale trade","Installation, maintenance, and repair",6,122,4,119,2,3,128
"873","2019","Wholesale trade","Management, business, and financial operations",172,346,18,447,37,16,518
"874","2019","Wholesale trade","Office and administrative support",304,221,61,414,32,18,525
"875","2019","Wholesale trade","Production",24,89,16,87,4,6,113
"876","2019","Wholesale trade","Professional and related",60,110,6,135,20,9,170
"877","2019","Wholesale trade","Protective service",2,5,2,5,0,0,7
"878","2019","Wholesale trade","Sales and related",305,1004,71,1154,67,17,1309
"879","2019","Wholesale trade","Service, except protective",16,30,14,28,2,2,46
"880","2019","Wholesale trade","Transportation and material moving",96,550,117,486,22,21,646
"881","2020","Agriculture and related","Construction and extraction",0,10,2,8,0,0,10
"882","2020","Agriculture and related","Farming, fishing, and forestry",217,714,38,840,12,41,931
"883","2020","Agriculture and related","Installation, maintenance, and repair",2,31,3,29,0,1,33
"884","2020","Agriculture and related","Management, business, and financial operations",253,707,6,926,7,22,961
"885","2020","Agriculture and related","Office and administrative support",79,16,1,91,2,2,96
"886","2020","Agriculture and related","Production",7,36,2,35,3,2,42
"887","2020","Agriculture and related","Professional and related",22,36,5,48,3,2,58
"888","2020","Agriculture and related","Protective service",2,11,0,12,0,1,13
"889","2020","Agriculture and related","Sales and related",6,6,1,11,0,0,12
"890","2020","Agriculture and related","Service, except protective",42,52,4,86,0,4,94
"891","2020","Agriculture and related","Transportation and material moving",20,80,4,83,1,11,99
"892","2020","Construction","Construction and extraction",247,6157,417,5660,94,233,6404
"893","2020","Construction","Farming, fishing, and forestry",0,6,2,3,1,0,6
"894","2020","Construction","Installation, maintenance, and repair",14,604,52,530,13,23,618
"895","2020","Construction","Management, business, and financial operations",316,1894,80,2018,50,62,2210
"896","2020","Construction","Office and administrative support",444,101,19,500,15,11,545
"897","2020","Construction","Production",7,147,11,128,2,12,153
"898","2020","Construction","Professional and related",82,256,25,268,35,9,337
"899","2020","Construction","Protective service",4,10,2,11,0,1,14
"900","2020","Construction","Sales and related",32,112,6,134,2,3,145
"901","2020","Construction","Service, except protective",14,32,2,41,0,3,46
"902","2020","Construction","Transportation and material moving",14,294,31,258,3,15,307
"903","2020","Education and health services","Construction and extraction",8,75,16,61,4,2,83
"904","2020","Education and health services","Farming, fishing, and forestry",1,4,0,5,0,0,5
"905","2020","Education and health services","Installation, maintenance, and repair",16,181,26,160,7,4,197
"906","2020","Education and health services","Management, business, and financial operations",2506,1187,517,2883,181,112,3693
"907","2020","Education and health services","Office and administrative support",2918,340,471,2509,161,117,3258
"908","2020","Education and health services","Production",99,65,24,133,4,3,164
"909","2020","Education and health services","Professional and related",14297,5243,2282,15241,1429,588,19540
"910","2020","Education and health services","Protective service",58,120,31,140,2,6,179
"911","2020","Education and health services","Sales and related",105,33,16,113,7,2,138
"912","2020","Education and health services","Service, except protective",5259,1236,1598,4313,328,256,6495
"913","2020","Education and health services","Transportation and material moving",165,187,74,260,9,9,352
"914","2020","Financial activities","Construction and extraction",2,46,7,38,2,1,48
"915","2020","Financial activities","Farming, fishing, and forestry",0,1,0,1,0,0,1
"916","2020","Financial activities","Installation, maintenance, and repair",14,151,20,133,3,8,164
"917","2020","Financial activities","Management, business, and financial operations",2276,2454,461,3756,392,120,4729
"918","2020","Financial activities","Office and administrative support",1502,430,274,1529,88,41,1932
"919","2020","Financial activities","Production",20,25,6,33,3,3,45
"920","2020","Financial activities","Professional and related",460,621,97,755,208,21,1081
"921","2020","Financial activities","Protective service",20,36,17,37,0,2,56
"922","2020","Financial activities","Sales and related",1143,1140,190,1908,129,56,2283
"923","2020","Financial activities","Service, except protective",77,146,33,169,10,10,222
"924","2020","Financial activities","Transportation and material moving",10,72,10,70,1,2,83
"925","2020","Information","Construction and extraction",0,12,2,11,0,-1,12
"926","2020","Information","Farming, fishing, and forestry",0,0,0,0,0,0,0
"927","2020","Information","Installation, maintenance, and repair",25,194,39,168,4,8,219
"928","2020","Information","Management, business, and financial operations",290,361,59,514,64,14,651
"929","2020","Information","Office and administrative support",215,114,67,233,15,14,329
"930","2020","Information","Production",8,15,2,20,1,0,23
"931","2020","Information","Professional and related",405,690,98,815,158,24,1095
"932","2020","Information","Protective service",3,3,2,4,0,0,6
"933","2020","Information","Sales and related",82,118,23,163,8,6,200
"934","2020","Information","Service, except protective",15,22,6,26,2,4,38
"935","2020","Information","Transportation and material moving",7,16,0,21,1,1,23
"936","2020","Leisure and hospitality","Construction and extraction",1,34,5,25,2,3,35
"937","2020","Leisure and hospitality","Farming, fishing, and forestry",1,7,0,7,0,1,8
"938","2020","Leisure and hospitality","Installation, maintenance, and repair",5,87,6,76,3,7,92
"939","2020","Leisure and hospitality","Management, business, and financial operations",957,1053,190,1595,151,73,2009
"940","2020","Leisure and hospitality","Office and administrative support",437,166,81,447,34,42,604
"941","2020","Leisure and hospitality","Production",52,54,19,77,6,4,106
"942","2020","Leisure and hospitality","Professional and related",353,442,75,639,39,42,795
"943","2020","Leisure and hospitality","Protective service",46,104,12,122,3,12,149
"944","2020","Leisure and hospitality","Sales and related",592,268,175,586,49,50,860
"945","2020","Leisure and hospitality","Service, except protective",3274,3209,855,4859,426,342,6482
"946","2020","Leisure and hospitality","Transportation and material moving",69,271,47,258,14,21,340
"947","2020","Manufacturing, durable goods","Construction and extraction",12,221,15,209,4,5,233
"948","2020","Manufacturing, durable goods","Farming, fishing, and forestry",0,7,0,6,0,1,7
"949","2020","Manufacturing, durable goods","Installation, maintenance, and repair",32,383,45,354,12,3,414
"950","2020","Manufacturing, durable goods","Management, business, and financial operations",570,1197,96,1491,132,48,1767
"951","2020","Manufacturing, durable goods","Office and administrative support",406,290,55,596,29,17,697
"952","2020","Manufacturing, durable goods","Production",760,2562,424,2601,200,97,3322
"953","2020","Manufacturing, durable goods","Professional and related",315,1305,88,1234,257,41,1620
"954","2020","Manufacturing, durable goods","Protective service",5,12,1,15,0,1,17
"955","2020","Manufacturing, durable goods","Sales and related",87,257,12,301,15,16,344
"956","2020","Manufacturing, durable goods","Service, except protective",29,50,15,57,5,2,79
"957","2020","Manufacturing, durable goods","Transportation and material moving",99,530,117,466,21,25,629
"958","2020","Manufacturing, nondurable goods","Construction and extraction",2,66,7,56,2,3,68
"959","2020","Manufacturing, nondurable goods","Farming, fishing, and forestry",3,8,1,10,0,0,11
"960","2020","Manufacturing, nondurable goods","Installation, maintenance, and repair",14,224,20,209,5,5,239
"961","2020","Manufacturing, nondurable goods","Management, business, and financial operations",445,634,53,923,77,25,1078
"962","2020","Manufacturing, nondurable goods","Office and administrative support",276,176,48,369,16,18,451
"963","2020","Manufacturing, nondurable goods","Production",717,1295,320,1520,100,72,2012
"964","2020","Manufacturing, nondurable goods","Professional and related",210,417,42,465,100,20,627
"965","2020","Manufacturing, nondurable goods","Protective service",4,13,4,12,2,-1,17
"966","2020","Manufacturing, nondurable goods","Sales and related",143,145,20,246,16,6,288
"967","2020","Manufacturing, nondurable goods","Service, except protective",37,61,15,72,5,5,97
"968","2020","Manufacturing, nondurable goods","Transportation and material moving",131,402,96,386,26,25,533
"969","2020","Mining, quarrying, and oil and gas extraction","Construction and extraction",8,200,12,188,1,7,208
"970","2020","Mining, quarrying, and oil and gas extraction","Farming, fishing, and forestry",0,0,0,0,0,0,0
"971","2020","Mining, quarrying, and oil and gas extraction","Installation, maintenance, and repair",1,38,2,37,0,0,39
"972","2020","Mining, quarrying, and oil and gas extraction","Management, business, and financial operations",43,104,4,129,10,3,146
"973","2020","Mining, quarrying, and oil and gas extraction","Office and administrative support",28,11,0,33,3,2,38
"974","2020","Mining, quarrying, and oil and gas extraction","Production",1,56,3,51,0,3,57
"975","2020","Mining, quarrying, and oil and gas extraction","Professional and related",14,90,2,85,13,4,104
"976","2020","Mining, quarrying, and oil and gas extraction","Protective service",0,1,0,1,0,0,1
"977","2020","Mining, quarrying, and oil and gas extraction","Sales and related",1,9,0,9,0,2,11
"978","2020","Mining, quarrying, and oil and gas extraction","Service, except protective",2,4,0,6,0,0,6
"979","2020","Mining, quarrying, and oil and gas extraction","Transportation and material moving",2,72,8,58,1,7,74
"980","2020","Other services, except private households","Construction and extraction",2,22,3,20,0,1,24
"981","2020","Other services, except private households","Farming, fishing, and forestry",3,0,0,3,0,0,3
"982","2020","Other services, except private households","Installation, maintenance, and repair",23,963,74,839,35,38,986
"983","2020","Other services, except private households","Management, business, and financial operations",437,318,77,630,24,24,755
"984","2020","Other services, except private households","Office and administrative support",441,91,42,450,24,15,531
"985","2020","Other services, except private households","Production",110,261,31,280,45,14,370
"986","2020","Other services, except private households","Professional and related",438,549,108,790,54,35,987
"987","2020","Other services, except private households","Protective service",3,16,2,15,1,1,19
"988","2020","Other services, except private households","Sales and related",88,260,34,289,16,9,348
"989","2020","Other services, except private households","Service, except protective",1371,424,212,1249,273,61,1795
"990","2020","Other services, except private households","Transportation and material moving",48,221,47,208,6,9,270
"991","2020","Other services, private households only","Construction and extraction",0,0,0,0,0,0,0
"992","2020","Other services, private households only","Farming, fishing, and forestry",0,0,0,0,0,0,0
"993","2020","Other services, private households only","Installation, maintenance, and repair",0,0,0,0,0,0,0
"994","2020","Other services, private households only","Management, business, and financial operations",5,3,0,5,3,1,9
"995","2020","Other services, private households only","Office and administrative support",8,0,0,8,0,0,8
"996","2020","Other services, private households only","Production",4,5,3,3,3,1,10
"997","2020","Other services, private households only","Professional and related",3,4,0,6,0,1,7
"998","2020","Other services, private households only","Protective service",0,0,0,0,0,0,0
"999","2020","Other services, private households only","Sales and related",0,0,0,0,0,0,0
"1000","2020","Other services, private households only","Service, except protective",559,52,59,492,31,29,611
"1001","2020","Other services, private households only","Transportation and material moving",2,8,0,9,1,0,10
"1002","2020","Professional and business services","Construction and extraction",10,142,13,125,5,10,153
"1003","2020","Professional and business services","Farming, fishing, and forestry",2,10,0,12,0,0,12
"1004","2020","Professional and business services","Installation, maintenance, and repair",13,274,31,220,18,17,286
"1005","2020","Professional and business services","Management, business, and financial operations",2276,2788,366,4090,493,115,5064
"1006","2020","Professional and business services","Office and administrative support",1497,509,296,1536,103,71,2006
"1007","2020","Professional and business services","Production",88,181,30,209,17,13,269
"1008","2020","Professional and business services","Professional and related",2377,4224,482,4948,1025,146,6601
"1009","2020","Professional and business services","Protective service",146,394,183,314,25,18,540
"1010","2020","Professional and business services","Sales and related",255,329,38,502,31,12,583
"1011","2020","Professional and business services","Service, except protective",1029,1728,320,2250,60,127,2757
"1012","2020","Professional and business services","Transportation and material moving",94,451,109,399,12,25,545
"1013","2020","Public administration","Construction and extraction",5,87,10,76,2,4,92
"1014","2020","Public administration","Farming, fishing, and forestry",5,8,0,13,0,0,13
"1015","2020","Public administration","Installation, maintenance, and repair",3,140,15,113,3,12,143
"1016","2020","Public administration","Management, business, and financial operations",770,681,243,1060,76,72,1451
"1017","2020","Public administration","Office and administrative support",951,297,249,903,43,53,1248
"1018","2020","Public administration","Production",10,67,11,62,3,1,77
"1019","2020","Public administration","Professional and related",1066,968,354,1437,147,97,2035
"1020","2020","Public administration","Protective service",391,1506,315,1482,37,63,1897
"1021","2020","Public administration","Sales and related",26,13,9,23,1,6,39
"1022","2020","Public administration","Service, except protective",229,166,72,267,29,27,395
"1023","2020","Public administration","Transportation and material moving",24,87,36,67,4,4,111
"1024","2020","Retail trade","Construction and extraction",5,100,10,87,1,7,105
"1025","2020","Retail trade","Farming, fishing, and forestry",7,10,2,16,0,-1,17
"1026","2020","Retail trade","Installation, maintenance, and repair",13,500,29,446,16,22,513
"1027","2020","Retail trade","Management, business, and financial operations",488,600,89,893,72,34,1088
"1028","2020","Retail trade","Office and administrative support",1005,521,196,1197,61,72,1526
"1029","2020","Retail trade","Production",168,287,43,371,19,23,456
"1030","2020","Retail trade","Professional and related",588,453,104,763,141,33,1041
"1031","2020","Retail trade","Protective service",16,42,7,49,0,2,58
"1032","2020","Retail trade","Sales and related",3968,3636,896,5945,428,334,7603
"1033","2020","Retail trade","Service, except protective",336,237,73,439,36,25,573
"1034","2020","Retail trade","Transportation and material moving",738,1891,486,1900,122,120,2628
"1035","2020","Transportation and utilities","Construction and extraction",5,205,21,180,3,6,210
"1036","2020","Transportation and utilities","Farming, fishing, and forestry",1,2,1,2,0,0,3
"1037","2020","Transportation and utilities","Installation, maintenance, and repair",13,502,52,424,19,20,515
"1038","2020","Transportation and utilities","Management, business, and financial operations",304,708,117,816,53,26,1012
"1039","2020","Transportation and utilities","Office and administrative support",819,1023,399,1265,114,65,1843
"1040","2020","Transportation and utilities","Production",51,301,47,282,10,13,352
"1041","2020","Transportation and utilities","Professional and related",99,303,40,314,40,8,402
"1042","2020","Transportation and utilities","Protective service",13,34,9,31,4,3,47
"1043","2020","Transportation and utilities","Sales and related",69,81,27,111,10,2,150
"1044","2020","Transportation and utilities","Service, except protective",38,62,25,63,10,2,100
"1045","2020","Transportation and utilities","Transportation and material moving",646,3271,862,2707,199,149,3917
"1046","2020","Wholesale trade","Construction and extraction",0,24,2,22,0,0,24
"1047","2020","Wholesale trade","Farming, fishing, and forestry",11,16,1,23,3,1,28
"1048","2020","Wholesale trade","Installation, maintenance, and repair",4,140,8,128,3,5,144
"1049","2020","Wholesale trade","Management, business, and financial operations",179,340,28,448,33,10,519
"1050","2020","Wholesale trade","Office and administrative support",286,159,34,377,20,14,445
"1051","2020","Wholesale trade","Production",44,86,19,97,7,7,130
"1052","2020","Wholesale trade","Professional and related",67,106,17,123,25,7,172
"1053","2020","Wholesale trade","Protective service",3,7,2,7,0,1,10
"1054","2020","Wholesale trade","Sales and related",310,855,51,1020,68,26,1165
"1055","2020","Wholesale trade","Service, except protective",10,28,7,28,1,3,39
"1056","2020","Wholesale trade","Transportation and material moving",107,597,129,532,21,22,704
